arial,604158
helvetica neue,281150
verdana,258968
sans-serif,252705
monospace,233061
open sans,216295
helvetica,170705
georgia,167066
tahoma,164122
font awesome,143882
serif,125900
menlo,101810
glyphicons halflings,101009
trebuchet ms,84393
monaco,68967
roboto,62567
lato,56234
lucida grande,51860
genericons,46763
consolas,43805
courier new,42381
oswald,41791
times new roman,36411
raleway,34790
proxima nova,31470
pt sans,30839
dashicons,26270
source sans pro,23263
revicons,22870
montserrat,21827
calibri,21688
droid sans,21207
roboto condensed,20734
segoe ui,20169
iconmoon,20128
myriad pro,17031
fontawesome,15823
roboto slab,15140
flexslider icon,14469
century gothic,14303
droid serif,14140
courier pitch,13945
ubuntu,13805
star,13202
courier,13103
microsoft yahei,12798
open sans condensed,12199
vc grid,11763
bebas neue,11330
fontello,10724
impact,10652
lucida sans unicode,10132
merriweather,9716
woo commerce,9284
slick,9155
pro,8920
gotham,8803
times,8462
geneva,8032
yekan,7928
palatino linotype,7490
arimo,7083
lucida console,7063
table press,6931
inconsolata,6767
tiefontello,6361
icons,6093
video js,5697
baskerville,5672
museo sans,5541
museo slab,5539
lucida sans,5378
icomoon,5366
bitstream vera sans mono,5276
noto sans,5182
playfair display,5104
pt serif,5039
entypo,4877
palatino,4865
lora,4808
noticons,4663
bitter,4636
titillium web,4613
initial,4340
avenir,4218
cambria,4198
garamond,4094
comic sans ms,3882
futura,3671
dosis,3629
yanone kaffeesatz,3516
ssi icomoon,3472
newspaper,3412
museo,3249
exo,3204
arial rounded mt,3195
gill sans,3194
droid arabic kufi,3088
oxygen,3070
arvo,3023
lobster,3003
cabin,2994
indie flower,2861
simple line icons,2772
pacifico,2710
noto serif,2667
trebuchet,2571
brandon grotesque,2467
din,2407
archivo,2388
titillium,2378
dotum,2367
ionicons,2361
cursive,2318
fjalla one,2133
optima,2129
hiragino kaku gothic pro,2096
tmodules,2075
abel,2074
defaults,2062
muli,2050
league gothic,2032
cuprum,2008
quicksand,2004
cinzel,2000
bree serif,1936
segoe wp,1934
etmonarch,1930
play,1930
tmonarch,1930
entypo fontello,1912
helvetica neue condensed,1854
simsun,1802
elegant icons,1782
asap,1712
shadows into,1690
futura pt,1682
josefin sans,1636
comic sans,1625
signika,1584
vollkorn,1575
byekan,1544
maven pro,1520
newspaper icons,1517
foundation icons,1506
flaticon,1494
droid arabic naskh,1470
rokkitt,1467
gotham book,1454
aller,1434
patua one,1431
dancing script,1428
steadysets,1413
edd icons,1410
nunito,1381
theme icons,1379
futura today,1360
gibson,1358
nanum gothic,1348
myriad,1345
silk,1336
karla,1335
helvetica neue roman,1327
meiryo,1318
ubuntu condensed,1306
proxima,1302
libre baskerville,1297
novecento,1270
bebas,1261
koodak,1233
nazanin,1229
rockwell,1223
andale mono,1221
pt sans caption,1220
questrial,1219
icon font,1213
merriweather sans,1208
free sans,1202
linecons,1196
crimson text,1187
webdings,1184
candara,1180
newsmag,1168
sim sun,1152
source code pro,1141
deja vu sans mono,1136
varela round,1129
myriad pro condensed,1127
avenir next,1126
ms sans serif,1113
icon,1085
adelle,1044
frutiger,1041
knockout,1029
general foundicons,1026
social,1022
eg font,1020
wicons,1020
fira sans,1014
francois one,1005
glyphicons,1003
spufont,1000
verb,995
arial unicode ms,978
gudea,971
social foundicons,969
web symbols,968
news cycle,963
elusive icons,958
material icons,942
nexa,937
rokbox,924
crete round,922
iconfont,922
trade gothic,922
et bloom,921
philosopher,919
comfortaa,916
ss social,889
iconvault,884
antic slab,871
titillium text,863
pontano sans,860
mitra,852
socicon,851
whitney,837
job manager,827
effra,826
social likes,806
franklin gothic,804
trajan pro,801
social icons,799
gulim,797
interstate,797
futura bt,796
monda,792
zocial,792
material design icons,790
tieinstafontello,783
brankic,771
timely font awesome,770
proxima nova condensed,768
hind,764
alegreya sans,759
eb garamond,758
anton,751
mfn icons,751
enotype,748
thrvicomoon,748
istok web,746
timely logo icon,741
vidaloka,740
raty,739
gill sans mt,734
momizat,728
bee zee,726
dejavu sans mono,720
moon,710
brandon text,705
weathericons,705
avant garde,704
nassim,702
linecon,700
din next,698
malgun gothic,698
amatic sc,697
din pro,695
poiret one,683
font icons,672
josefin slab,662
optica icons,660
flat ui icons,657
elusive,653
socialico,653
corbel,652
wprmenu,650
ytp,649
minion pro,638
economica,637
weather,637
gotham rounded,634
alegreya,633
mashsb font,632
old tt,625
damion,623
helvetica ce,621
none,620
futura book,614
pe icon line,614
bookman old style,612
courgette,608
colaborate,606
satisfy,601
warnock pro,599
helvetica neue cyrillic,597
great vibes,595
noticia text,591
constantia,587
glyphs,586
stt intents,578
cantarell,577
ruda,572
quattrocento sans,571
kaushan script,569
typicons,569
microsoft sans serif,565
kreon,563
als rubl arial,561
avenir book,561
domine,560
lobster two,559
univers,559
ditty news ticker,558
web rupee,558
footable,557
aleo,550
sanchez,547
fpicons,546
foobox,540
ms gothic,540
hiragino sans gb,539
carto gothic,538
boogaloo,535
openwebicons,533
sans,533
adobe garamond pro,532
version,528
segoe,522
nothing you could do,521
work sans,520
didact gothic,519
brandon,512
cardo,511
pe icon stroke,498
et line,497
book antiqua,494
font,493
titr,492
pathway gothic one,490
als rubl,484
didot,484
mono social icons font,484
osiconfont,481
sentinel,479
benton sans,473
amaranth,467
volkhov,467
monotype corsiva,466
entypo social,464
russo one,464
avenir roman,459
feathericons,459
handlee,458
homemade apple,458
video js resolutions,458
freight sans pro,453
journal icons,450
tinos,447
futura today demi,444
cabin condensed,439
klavika,436
pf din text condensed pro,435
quattrocento,435
evo font awesome,433
sorts mill goudy,432
texgyreadventor,432
bad script,430
nobile,430
ropa sans,427
permanent marker,425
ss gizmo,423
univers condensed,421
droid sans mono,420
apple system,418
gotham pro,415
intro,413
microsoft jheng hei,406
sst,403
rouble,399
tinymce,399
traffic,399
novecentowide book,398
slide icons,398
solaiman lipi,396
trade gothic condensed,392
ultimate social,388
bench nine,386
sw icon font,386
vag rounded,384
century,382
neo sans,382
scada,382
varela,382
din web,380
helvetica condensed,380
abril fatface,379
adobe caslon pro,376
arapey,376
gloria hallelujah,376
redactor font,373
droid kufi,371
ge ss,371
symbol,371
bariol,370
te gyre adventor,369
geogrotesque,367
armata,364
dinpro,363
coustard,362
social buttons,362
themify,362
default,361
ff tisa web pro,355
glyphicons social,355
orbitron,355
sintony,355
titillium maps,355
actor,354
jimdo icon font,353
jimdoiconfontweb,353
jimdo icon font web,353
osaka,351
molengo,350
electrolize,347
playfair display sc,347
bitstream vera sans,346
glegoo,345
rock salt,345
architects daughter,344
hoefler text,344
bb editor font,338
socialfans,338
codropsicons,337
franklin gothic urw,337
lexia,334
ms ui gothic,332
wf segoe ui,331
arial sans serif,329
alegreya sc,323
din web pro,322
mercury,322
prata,321
pt serif caption,321
font awesome social,319
ss sandbox,315
museo sans rounded,314
gotham condensed,313
nimbus sans,312
fantasy,309
tangerine,309
lucida,308
segoe print,308
alice,307
chunk five,307
sharify,307
viga,307
playball,305
passion one,303
roboto draft,299
droidkufi,298
lined icons,298
bbc nassim,297
custom,297
hammersmith one,297
meteocons,297
terminal dosis,297
traditional arabic,296
copperplate gothic,294
ms serif,294
webflow icons,287
sansation,285
chaparral pro,283
iconic,283
poppins,283
bc share icons,282
franklin gothic book,282
arial ce,279
myriad web pro,279
dax,278
gothic,278
special elite,278
linea arrows,277
foundationsocial,276
agenda,275
shadows into two,274
reenie beanie,271
fontello social,270
ssbp,269
coda,268
linea basic,268
archer,267
athemes glyphs,267
ff meta web pro,266
jura,266
roya,266
point,265
righteous,265
gentium basic,264
wsocial,263
ff din web condensed,262
font awesome ism,262
avenir next pro,261
helvetica roman,261
marck script,261
out of the sandbox,261
bevan,260
carme,260
theia post slider font,260
sim hei,258
font awesome slick,257
open sans sans serif,257
dropdown,255
signika negative,255
arrows,254
web yekan,253
dripicons,251
lsi fontello,251
bliss,250
flama,250
frutiger roman,249
rajdhani,249
sofia pro,249
web hosting hub glyphs,249
apercu,248
avant garde gothic itcw,246
bkoodak,246
franklin itc,246
oswaldbook,246
pf din text comp pro,246
pf dindisplay pro,244
ziggurat,244
neuton,241
pf din display pro,241
caviar dreams,240
carrois gothic,239
checkbox,239
torque web,239
torque web book,239
ubuntu mono,238
volkorn,238
tribulant slideshow,236
fonticon,235
gentium book basic,234
outofthesandbox,234
freight sans,233
goudy bookletter,232
just vector,232
neucha,232
freight text pro,231
louis,231
adamina,230
journal,230
antenna,229
metrophobic,229
lusitana,228
enriqueta,227
gess two,227
pictos,227
sacramento,227
eurostile,226
linea ecommerce,226
coming soon,225
nixie one,225
indeed ism,224
museo sans cyrl,224
tenor sans,224
hgp ub,223
fontelico,222
futura pt condensed,222
line icons,222
marker felt,222
neue helvetica,222
slick icons,222
liberation sans,221
din next pro,219
lucida sans typewriter,219
accordion,218
essb socialfans,217
step,216
wp svg plugin icon set,216
calluna,215
web dings,214
etelka,213
rating,213
arial mt,212
linea music,212
linea software,212
marmelad,211
advent pro,210
droid,210
forum,210
oleo script,210
aktiv grotesk,209
neris,209
circular,208
jsps,207
ligature symbols,207
alternate gothic no,206
arqello,206
bree,206
iran sans,206
copse,205
oranienbaum,204
pluto sans,204
simplified arabic,204
schoolbell,203
wysi bicon font,203
cantata one,202
noto sans japanese,202
vantage icons,202
lustria,201
allan,200
ostrich sans,200
bangers,199
pt mono,199
sylfaen,199
telex,199
vegur,199
arbutus slab,198
ek mukta,198
oswald book,198
linea weather,197
omnes,197
shopware,197
sow fontawesome,197
adelle sans,196
afonts,196
font awesome corp,196
linea basic elaboration,196
yellowtail,196
fauna one,195
lucida bright,195
meiryo ui,195
droid naskh,194
lovelo,194
arabic transparent,193
julius sans one,193
rambla,193
allura,192
news gothic,192
franklin gothic urw condensed,191
slabo px,190
andika,188
ff meta serif web pro,188
cookie,187
theme,186
ford antenna,185
just another hand,185
share,185
omnes pro,183
thaisans neue,183
custom font,182
jf flat,182
neo sans pro,182
spinnaker,182
fontcustom,181
glyphicons filetypes,180
miso,180
michroma,179
untitled font,179
cutive,178
helvetica neue cyrillic roman,178
mb audio font,178
covered by your grace,177
wingdings,175
custom icons,174
fredoka one,174
pf dintext pro,174
moz fixed,173
rosario,173
alex brush,172
caption,172
alfa slab one,171
pf beau sans pro,171
wpautbox fontello,171
fontastic entypo,170
wsb mobile navigation,170
essb socialfollowers,169
ss social circle,169
getbowtied icons,168
solaimanlipi,168
title font,168
alef,167
rochester,166
tungsten,166
kameron,165
radley,165
showbiz fontello,161
acme,160
aileron,160
fs albert web,160
yeseva one,160
clear sans,159
helvetica neue pro,159
uni sans,159
antonio,158
ezoic font awesome,158
em em large em xlarge em xxlarge em,157
marvel,157
myriad set pro,157
nanum barun gothic,157
brown,155
akkurat,154
meiryo ke gothic,154
mt custom,154
audi type,152
modern pictograms,152
century schoolbook,151
abaku tl sym sans,150
gothambook,150
voltaire,148
wpsl fontello,148
nimbus sans condensed,147
qlassik,147
rancho,147
matchworks,146
shopify social,146
amiri,145
average sans,145
gannett icons,145
pf square sans pro,145
unica one,144
vwvp,144
aldrich,143
berkshire swash,143
cabin sketch,143
deja vu sans,143
ie sites symbol font,143
us states,143
circe,142
ge ss two,142
jockey one,142
kalam,142
soho gothic,142
csscfont,141
marcellus,141
ms shell dlg,141
rupee foradian,141
trajan,141
hiragino mincho pro,140
batang,139
gnuolane,139
jenna sue,139
neue,139
page lines font,139
quantico,139
warehousefont,139
graphik,138
capriola,137
gotham htf,137
nasim,137
verlag,137
angelina,136
asppsicons,136
foco,135
vk sns,135
bodoni mt,134
calendarize,134
simple calendar,134
beer money,133
futura condensed,133
nav font,133
proxima nova alt,133
source serif pro,133
futura bt book,132
helios,132
jubilat,132
agency fb,131
din condensed web,131
pf beausans pro,131
prosto one,131
avenir next demi,130
calligraffitti,130
parisienne,130
webicons,130
flat ui pro icons,129
jaf facitweb,129
meta pro,129
rupee,128
average,127
ecoicon,127
formcraft,127
junegull,127
ovo,127
squada one,127
avalon,126
mangal,126
osclass,126
soap icons,126
sosa,126
ss pika,126
alegreya sans sc,125
animals,125
ff dagny web pro,125
gochi hand,125
iran sans web,125
sports world,125
audio,124
ecoico,124
grand hotel,124
supermarket,124
virtue icons,124
centrale sans,123
ofl sorts mill goudy tt,123
overlock,123
anspress,122
daniel,122
gotham rounded book,121
sofia,121
andepict,120
blogger sans,120
brandon grot,120
climacons font,120
ff din web,120
luckiest guy,120
monotype,120
my font,120
pragmatica web,120
puritan,120
ihearticons,119
proxima nova alt condensed,119
awesome,118
patrick hand,118
homenaje,117
univers condense,117
frutiger linotype,116
niconne,116
opensans webfont,116
sladkoeshka,116
tve leads two set icons,116
zawgyi one,116
american typewriter,115
changa one,115
fontello circle,115
durant,114
edmondsans,114
geometria,114
modern,114
din condensed,113
font awesome sensei,113
franchise,113
magra,113
montserrat alternates,113
carousel arrows,112
my first font,112
roboto slab margin bottom px,112
brush script mt,111
chewy,111
helmet,111
anonymous pro,110
copperplate,110
duru sans,110
carto gothic book,109
citrixsans,109
futura today screen,109
news icons,109
the sans,109
chunkfive,108
chunkfiveroman,108
icons font,108
trocchi,108
dpd pluto sans,107
kurale,107
porta,107
bmitra,106
doppio one,106
ss gimzo,106
webfont,106
arqicon,105
helv,105
atelier,104
frutiger next,104
gnuolane free,104
mobilia,104
paytone one,104
blockshop icons,103
calisto mt,103
hand of sean,103
mako,103
days one,102
header font,102
sigmar one,102
carousel fontello,101
cousine,101
etelka pro,101
etelka text,101
etelka text pro,101
kufi,101
map icons,101
montez,101
payment webfont,101
petit formal script,101
source sans,101
freight sans pro book,100
jckqv icons,100
leckerli one,100
love ya like sister,100
nevis,100
rwd custom,100
sansita one,100
so slider pointers,100
ss symbolicons,100
virtarich,100
aclonica,99
bodoni,99
body font,99
myfont,99
nobel,99
password,99
syncopate,99
belleza,98
cambria math,98
pexeto arrows,98
bigtheme yekan,97
franklin gothic urw comp,97
merienda one,97
oxygen mono,97
pf din text pro,97
underdog,97
vera sans,97
bmw type,96
conv gotham,96
conv myriad pro,96
fansided,96
federo,96
hero,96
metrize icons,96
nissan ag,96
piereg math captcha font,96
strait,96
dream theme,95
material design iconic font,95
prdctfltr,95
toyotadisplay,95
vc entypo,95
ecommerce,94
feather,94
hira kaku pro,94
martini new icons,94
modernpics,94
pf din display,94
prociono,94
sue ellen francisco,94
toyotatext,94
yjsg font,94
brawler,93
champagne limousines,93
contrail one,93
franklin gothic demi,93
iransans,93
qwigley,93
tve leads one set icons,93
artbees wp tokens,92
benton sans condensed,92
ecwid icons,92
merienda,92
pbtheme,92
univers roman,92
ebrima,91
fixed,91
fredericka the great,91
interstate condensed,91
racing sans one,91
rubik one,91
scfp icon,91
web symbols liga,91
bhoma,90
fs me web,90
gbiconv,90
general enclosed foundicons,90
gess,90
kepler,90
lane,90
marcellus sc,90
yu gothic,90
amble,89
coco social,89
code,89
soc icons,89
tauri,89
teko,89
titillium text wt,89
trade gothic roman,89
basic icons,88
brandico,88
cinzel decorative,88
ep icon font,88
font icon,88
pinyon script,88
retinaicon font,88
social share kit,88
wpsm icons,88
bignoodletitling,87
core icons,87
jameel noori nastaleeq,87
strict themes,87
calluna sans,86
didot roman,86
fugaz one,86
tw cen mt,86